{
  "Get Update" : {
    "transaction" : "Get Update",
    "sampleCount" : 800,
    "errorCount" : 0,
    "errorPct" : 0.0,
    "meanResTime" : 651.5687499999985,
    "medianResTime" : 671.5,
    "minResTime" : 273.0,
    "maxResTime" : 1426.0,
    "pct1ResTime" : 783.9,
    "pct2ResTime" : 846.8999999999999,
    "pct3ResTime" : 921.97,
    "throughput" : 77.35447689035003,
    "receivedKBytesPerSec" : 32.10512956874879,
    "sentKBytesPerSec" : 16.468042931734672
  },
  "Delete" : {
    "transaction" : "Delete",
    "sampleCount" : 800,
    "errorCount" : 0,
    "errorPct" : 0.0,
    "meanResTime" : 980.4875000000001,
    "medianResTime" : 1093.5,
    "minResTime" : 265.0,
    "maxResTime" : 1877.0,
    "pct1ResTime" : 1264.9,
    "pct2ResTime" : 1305.8999999999999,
    "pct3ResTime" : 1650.7000000000003,
    "throughput" : 78.23195775474281,
    "receivedKBytesPerSec" : 18.946802268726774,
    "sentKBytesPerSec" : 18.335615098767846
  },
  "Total" : {
    "transaction" : "Total",
    "sampleCount" : 4800,
    "errorCount" : 0,
    "errorPct" : 0.0,
    "meanResTime" : 881.3264583333328,
    "medianResTime" : 771.5,
    "minResTime" : 265.0,
    "maxResTime" : 3199.0,
    "pct1ResTime" : 1254.800000000001,
    "pct2ResTime" : 1375.0,
    "pct3ResTime" : 2302.99,
    "throughput" : 326.2420988241691,
    "receivedKBytesPerSec" : 119.7920206619996,
    "sentKBytesPerSec" : 100.94176918371508
  },
  "Create Booking" : {
    "transaction" : "Create Booking",
    "sampleCount" : 800,
    "errorCount" : 0,
    "errorPct" : 0.0,
    "meanResTime" : 620.4500000000004,
    "medianResTime" : 672.0,
    "minResTime" : 270.0,
    "maxResTime" : 1399.0,
    "pct1ResTime" : 792.0,
    "pct2ResTime" : 833.9499999999999,
    "pct3ResTime" : 1040.860000000001,
    "throughput" : 84.04244143292362,
    "receivedKBytesPerSec" : 37.58929509402248,
    "sentKBytesPerSec" : 38.902458241411914
  },
  "Update" : {
    "transaction" : "Update",
    "sampleCount" : 800,
    "errorCount" : 0,
    "errorPct" : 0.0,
    "meanResTime" : 1037.8125000000011,
    "medianResTime" : 1091.0,
    "minResTime" : 408.0,
    "maxResTime" : 1839.0,
    "pct1ResTime" : 1268.9,
    "pct2ResTime" : 1311.9499999999998,
    "pct3ResTime" : 1615.91,
    "throughput" : 76.32859459975192,
    "receivedKBytesPerSec" : 31.679348344623605,
    "sentKBytesPerSec" : 35.182711573323154
  },
  "Get Booking" : {
    "transaction" : "Get Booking",
    "sampleCount" : 800,
    "errorCount" : 0,
    "errorPct" : 0.0,
    "meanResTime" : 665.6574999999987,
    "medianResTime" : 692.0,
    "minResTime" : 298.0,
    "maxResTime" : 1410.0,
    "pct1ResTime" : 788.9,
    "pct2ResTime" : 856.0,
    "pct3ResTime" : 1204.1600000000026,
    "throughput" : 79.99200079992,
    "receivedKBytesPerSec" : 33.51227377262274,
    "sentKBytesPerSec" : 17.029547045295473
  },
  "Create Token" : {
    "transaction" : "Create Token",
    "sampleCount" : 800,
    "errorCount" : 0,
    "errorPct" : 0.0,
    "meanResTime" : 1331.982500000001,
    "medianResTime" : 1141.0,
    "minResTime" : 1024.0,
    "maxResTime" : 3199.0,
    "pct1ResTime" : 2072.9,
    "pct2ResTime" : 2353.85,
    "pct3ResTime" : 2642.88,
    "throughput" : 69.11447084233262,
    "receivedKBytesPerSec" : 18.291036717062635,
    "sentKBytesPerSec" : 18.83099352051836
  }
}