{
  "Get Update" : {
    "transaction" : "Get Update",
    "sampleCount" : 1600,
    "errorCount" : 290,
    "errorPct" : 18.125,
    "meanResTime" : 1338.7543750000002,
    "medianResTime" : 316.0,
    "minResTime" : 0.0,
    "maxResTime" : 52538.0,
    "pct1ResTime" : 687.0,
    "pct2ResTime" : 984.0,
    "pct3ResTime" : 40620.62,
    "throughput" : 23.78439446418219,
    "receivedKBytesPerSec" : 10.2937332069168,
    "sentKBytesPerSec" : 4.963787446485113
  },
  "Delete" : {
    "transaction" : "Delete",
    "sampleCount" : 1600,
    "errorCount" : 383,
    "errorPct" : 23.9375,
    "meanResTime" : 1803.3512499999997,
    "medianResTime" : 314.5,
    "minResTime" : 0.0,
    "maxResTime" : 53174.0,
    "pct1ResTime" : 1081.9,
    "pct2ResTime" : 1226.9499999999998,
    "pct3ResTime" : 46412.66,
    "throughput" : 23.905572986702524,
    "receivedKBytesPerSec" : 7.083382942066337,
    "sentKBytesPerSec" : 5.455165961639025
  },
  "Total" : {
    "transaction" : "Total",
    "sampleCount" : 9600,
    "errorCount" : 1090,
    "errorPct" : 11.354167,
    "meanResTime" : 4325.431041666673,
    "medianResTime" : 491.0,
    "minResTime" : 0.0,
    "maxResTime" : 59806.0,
    "pct1ResTime" : 29252.9,
    "pct2ResTime" : 33488.899999999994,
    "pct3ResTime" : 46771.729999999996,
    "throughput" : 133.50763496787474,
    "receivedKBytesPerSec" : 53.58821869002586,
    "sentKBytesPerSec" : 40.48297429978027
  },
  "Create Booking" : {
    "transaction" : "Create Booking",
    "sampleCount" : 1600,
    "errorCount" : 33,
    "errorPct" : 2.0625,
    "meanResTime" : 2473.7868750000007,
    "medianResTime" : 450.5,
    "minResTime" : 0.0,
    "maxResTime" : 54456.0,
    "pct1ResTime" : 917.9000000000001,
    "pct2ResTime" : 27604.599999999995,
    "pct3ResTime" : 47158.670000000006,
    "throughput" : 23.843230757767678,
    "receivedKBytesPerSec" : 11.713947591461142,
    "sentKBytesPerSec" : 10.80895553144326
  },
  "Update" : {
    "transaction" : "Update",
    "sampleCount" : 1600,
    "errorCount" : 255,
    "errorPct" : 15.9375,
    "meanResTime" : 2992.456249999998,
    "medianResTime" : 350.0,
    "minResTime" : 0.0,
    "maxResTime" : 54292.0,
    "pct1ResTime" : 1157.7000000000012,
    "pct2ResTime" : 32710.799999999985,
    "pct3ResTime" : 48973.65,
    "throughput" : 23.706513364546907,
    "receivedKBytesPerSec" : 10.12919528888609,
    "sentKBytesPerSec" : 10.70446601541664
  },
  "Get Booking" : {
    "transaction" : "Get Booking",
    "sampleCount" : 1600,
    "errorCount" : 108,
    "errorPct" : 6.75,
    "meanResTime" : 2719.4556249999996,
    "medianResTime" : 353.0,
    "minResTime" : 0.0,
    "maxResTime" : 53204.0,
    "pct1ResTime" : 760.9000000000001,
    "pct2ResTime" : 31216.099999999962,
    "pct3ResTime" : 45231.98,
    "throughput" : 23.66268837718325,
    "receivedKBytesPerSec" : 10.80827664917846,
    "sentKBytesPerSec" : 4.938387466354615
  },
  "Create Token" : {
    "transaction" : "Create Token",
    "sampleCount" : 1600,
    "errorCount" : 21,
    "errorPct" : 1.3125,
    "meanResTime" : 14624.78187500001,
    "medianResTime" : 2600.0,
    "minResTime" : 1160.0,
    "maxResTime" : 59806.0,
    "pct1ResTime" : 34672.600000000006,
    "pct2ResTime" : 37322.5,
    "pct3ResTime" : 51426.81,
    "throughput" : 22.88329519450801,
    "receivedKBytesPerSec" : 6.954041225686499,
    "sentKBytesPerSec" : 6.15297225847397
  }
}