{
  "Get Update" : {
    "transaction" : "Get Update",
    "sampleCount" : 1200,
    "errorCount" : 0,
    "errorPct" : 0.0,
    "meanResTime" : 2195.001666666669,
    "medianResTime" : 2383.5,
    "minResTime" : 491.0,
    "maxResTime" : 3797.0,
    "pct1ResTime" : 2962.9,
    "pct2ResTime" : 3027.0,
    "pct3ResTime" : 3182.6000000000004,
    "throughput" : 57.65904285988853,
    "receivedKBytesPerSec" : 23.930755093215453,
    "sentKBytesPerSec" : 12.288677355612146
  },
  "Delete" : {
    "transaction" : "Delete",
    "sampleCount" : 1200,
    "errorCount" : 0,
    "errorPct" : 0.0,
    "meanResTime" : 3540.119166666668,
    "medianResTime" : 3165.0,
    "minResTime" : 903.0,
    "maxResTime" : 6123.0,
    "pct1ResTime" : 5353.9,
    "pct2ResTime" : 5509.0,
    "pct3ResTime" : 5564.95,
    "throughput" : 55.14705882352941,
    "receivedKBytesPerSec" : 13.355928308823529,
    "sentKBytesPerSec" : 12.93810676125919
  },
  "Total" : {
    "transaction" : "Total",
    "sampleCount" : 7200,
    "errorCount" : 0,
    "errorPct" : 0.0,
    "meanResTime" : 2560.2630555555584,
    "medianResTime" : 2461.0,
    "minResTime" : 299.0,
    "maxResTime" : 7485.0,
    "pct1ResTime" : 5129.0,
    "pct2ResTime" : 5453.0,
    "pct3ResTime" : 5542.99,
    "throughput" : 277.5743089556267,
    "receivedKBytesPerSec" : 101.93273461293805,
    "sentKBytesPerSec" : 85.92725962835884
  },
  "Create Booking" : {
    "transaction" : "Create Booking",
    "sampleCount" : 1200,
    "errorCount" : 0,
    "errorPct" : 0.0,
    "meanResTime" : 1629.3833333333325,
    "medianResTime" : 1949.0,
    "minResTime" : 299.0,
    "maxResTime" : 3595.0,
    "pct1ResTime" : 2609.8,
    "pct2ResTime" : 2665.0,
    "pct3ResTime" : 2749.9700000000003,
    "throughput" : 90.6412871062769,
    "receivedKBytesPerSec" : 40.562123508195484,
    "sentKBytesPerSec" : 41.95700203942896
  },
  "Update" : {
    "transaction" : "Update",
    "sampleCount" : 1200,
    "errorCount" : 0,
    "errorPct" : 0.0,
    "meanResTime" : 4136.5341666666645,
    "medianResTime" : 5047.0,
    "minResTime" : 350.0,
    "maxResTime" : 6311.0,
    "pct1ResTime" : 5507.0,
    "pct2ResTime" : 5532.95,
    "pct3ResTime" : 5869.540000000001,
    "throughput" : 61.130922058074376,
    "receivedKBytesPerSec" : 25.371720580743762,
    "sentKBytesPerSec" : 28.191961442944475
  },
  "Get Booking" : {
    "transaction" : "Get Booking",
    "sampleCount" : 1200,
    "errorCount" : 0,
    "errorPct" : 0.0,
    "meanResTime" : 1882.3049999999998,
    "medianResTime" : 2447.5,
    "minResTime" : 303.0,
    "maxResTime" : 3503.0,
    "pct1ResTime" : 2718.0,
    "pct2ResTime" : 2772.95,
    "pct3ResTime" : 2963.660000000001,
    "throughput" : 76.65282657297988,
    "receivedKBytesPerSec" : 32.11334238262536,
    "sentKBytesPerSec" : 16.336758423826254
  },
  "Create Token" : {
    "transaction" : "Create Token",
    "sampleCount" : 1200,
    "errorCount" : 0,
    "errorPct" : 0.0,
    "meanResTime" : 1978.2349999999983,
    "medianResTime" : 1638.0,
    "minResTime" : 1129.0,
    "maxResTime" : 7485.0,
    "pct1ResTime" : 3030.4000000000005,
    "pct2ResTime" : 3651.6000000000004,
    "pct3ResTime" : 5798.390000000005,
    "throughput" : 92.27929867733005,
    "receivedKBytesPerSec" : 24.421572208551215,
    "sentKBytesPerSec" : 25.142504229467857
  }
}