{
  "Get Update" : {
    "transaction" : "Get Update",
    "sampleCount" : 1400,
    "errorCount" : 0,
    "errorPct" : 0.0,
    "meanResTime" : 443.5492857142854,
    "medianResTime" : 385.0,
    "minResTime" : 265.0,
    "maxResTime" : 2228.0,
    "pct1ResTime" : 614.8000000000002,
    "pct2ResTime" : 674.0,
    "pct3ResTime" : 1336.99,
    "throughput" : 115.92282851701582,
    "receivedKBytesPerSec" : 48.11250207005051,
    "sentKBytesPerSec" : 24.67888341475532
  },
  "Delete" : {
    "transaction" : "Delete",
    "sampleCount" : 1400,
    "errorCount" : 0,
    "errorPct" : 0.0,
    "meanResTime" : 534.2049999999999,
    "medianResTime" : 422.0,
    "minResTime" : 261.0,
    "maxResTime" : 3347.0,
    "pct1ResTime" : 815.0,
    "pct2ResTime" : 912.95,
    "pct3ResTime" : 1502.7900000000002,
    "throughput" : 116.17293170691228,
    "receivedKBytesPerSec" : 28.13563189776782,
    "sentKBytesPerSec" : 27.22803086880757
  },
  "Total" : {
    "transaction" : "Total",
    "sampleCount" : 8400,
    "errorCount" : 0,
    "errorPct" : 0.0,
    "meanResTime" : 747.114999999999,
    "medianResTime" : 470.0,
    "minResTime" : 261.0,
    "maxResTime" : 7659.0,
    "pct1ResTime" : 1563.0,
    "pct2ResTime" : 2303.95,
    "pct3ResTime" : 3582.8399999999965,
    "throughput" : 514.6428133807132,
    "receivedKBytesPerSec" : 188.97040803823063,
    "sentKBytesPerSec" : 159.23437308540622
  },
  "Create Booking" : {
    "transaction" : "Create Booking",
    "sampleCount" : 1400,
    "errorCount" : 0,
    "errorPct" : 0.0,
    "meanResTime" : 467.97071428571456,
    "medianResTime" : 402.0,
    "minResTime" : 269.0,
    "maxResTime" : 4244.0,
    "pct1ResTime" : 635.9000000000001,
    "pct2ResTime" : 714.95,
    "pct3ResTime" : 1972.8300000000002,
    "throughput" : 112.61261261261261,
    "receivedKBytesPerSec" : 50.36775056306306,
    "sentKBytesPerSec" : 52.12732263513514
  },
  "Update" : {
    "transaction" : "Update",
    "sampleCount" : 1400,
    "errorCount" : 0,
    "errorPct" : 0.0,
    "meanResTime" : 552.3350000000007,
    "medianResTime" : 495.5,
    "minResTime" : 276.0,
    "maxResTime" : 2570.0,
    "pct1ResTime" : 817.0,
    "pct2ResTime" : 909.0,
    "pct3ResTime" : 1103.97,
    "throughput" : 113.73791534649443,
    "receivedKBytesPerSec" : 47.20567775611342,
    "sentKBytesPerSec" : 52.426070355024784
  },
  "Get Booking" : {
    "transaction" : "Get Booking",
    "sampleCount" : 1400,
    "errorCount" : 0,
    "errorPct" : 0.0,
    "meanResTime" : 463.66071428571416,
    "medianResTime" : 423.0,
    "minResTime" : 272.0,
    "maxResTime" : 1385.0,
    "pct1ResTime" : 653.0,
    "pct2ResTime" : 691.0,
    "pct3ResTime" : 1236.98,
    "throughput" : 112.83043197936816,
    "receivedKBytesPerSec" : 47.26978058510638,
    "sentKBytesPerSec" : 24.020541183107674
  },
  "Create Token" : {
    "transaction" : "Create Token",
    "sampleCount" : 1400,
    "errorCount" : 0,
    "errorPct" : 0.0,
    "meanResTime" : 2020.969285714285,
    "medianResTime" : 1657.0,
    "minResTime" : 1137.0,
    "maxResTime" : 7659.0,
    "pct1ResTime" : 3062.2000000000007,
    "pct2ResTime" : 3987.8500000000004,
    "pct3ResTime" : 5044.91,
    "throughput" : 96.20670698185816,
    "receivedKBytesPerSec" : 25.460954679769106,
    "sentKBytesPerSec" : 26.212569578064873
  }
}